<resources>
    <string
        name="app_name">
        Digital
        Marketing
    </string>

    <string
        name="title_home">
        Home
    </string>
    <string
        name="title_technical_terms">
        Technical
        Terms
    </string>
    <string
        name="title_video_tutorials">
        Video
        Tutorials
    </string>
    <string
        name="title_interview_ques">
        Interview
        Questions
    </string>
    <string
        name="title_quiz_test">
        Quiz
        Tests
    </string>
    <string
        name="title_ques_ans">
        Questions
        &amp;
        Answers
    </string>
    <string
        name="title_notifications">
        Notifications
    </string>
    <string
        name="title_suggestions">
        Suggestions
        &amp;
        Complaints
    </string>
    <string
        name="title_rate_us">
        Rate
        Us
    </string>
    <string
        name="title_share">
        Share
    </string>
    <string
        name="title_about_us">
        About
        Us
    </string>
    <string
        name="title_contact_us">
        Contact
        Us
    </string>

    <string
        name="title_training_courses">
        Training
        Courses
    </string>
    <string
        name="title_our_services">
        Our
        services
    </string>
    <string
        name="title_placed_students">
        Placed
        Students
    </string>
    <string
        name="title_students_view">
        Students
        View
    </string>
    <string
        name="title_study_material">
        Study
        Material
    </string>

    <string-array
        name="array_home_tiles">
        <item>
            @string/title_video_tutorials
        </item>
        <item>
            @string/title_interview_ques
        </item>
        <item>
            @string/title_quiz_test
        </item>
        <item>
            @string/title_technical_terms
        </item>
        <item>
            @string/title_ques_ans
        </item>
        <item>
            @string/title_study_material
        </item>
        <item>
            @string/title_training_courses
        </item>
        <item>
            @string/title_our_services
        </item>
        <item>
            @string/title_contact_us
        </item>
        <item>
            @string/title_placed_students
        </item>

    </string-array>
    <integer-array
        name="array_home_tiles_colors">
        <item>
            @color/color_tile_0
        </item>
        <item>
            @color/color_tile_1
        </item>
        <item>
            @color/color_tile_2
        </item>
        <item>
            @color/color_tile_3
        </item>
        <item>
            @color/color_tile_4
        </item>
        <item>
            @color/color_tile_5
        </item>
        <item>
            @color/color_tile_6
        </item>
        <item>
            @color/color_tile_7
        </item>
        <item>
            @color/color_tile_8
        </item>
        <item>
            @color/color_tile_9
        </item>
    </integer-array>

    <string
        name="title_php">
        PHP
    </string>
    <string
        name="title_web">
        WEB
        DEVELOPMENT
    </string>
    <string
        name="title_android">
        ANDROID
    </string>
    <string
        name="title_java">
        JAVA
    </string>
    <string
        name="title_seo">
        SEO
    </string>
    <string
        name="title_adv_php">
        ADVANCED
        PHP
    </string>
    <string
        name="title_iphone">
        iPHONE
    </string>
    <string
        name="title_html_css">
        HTML
        &amp;
        CSS
    </string>
    <string
        name="title_wordpress">
        WORDPRESS
    </string>
    <string
        name="title_c">
        C
    </string>
    <string
        name="title_c_plus_plus">
        C++
    </string>
    <string
        name="title_cake_php">
        CAKE
        PHP
    </string>
    <string
        name="title_magento">
        Magento
    </string>

    <string
        name="training_number_1">
        +91-9269698122
    </string>
    <string
        name="training_number_2">
        +91-8561089567
    </string>

    <string-array
        name="array_training_courses">
        <item>
            @string/title_php
        </item>
        <item>
            @string/title_web
        </item>
        <item>
            @string/title_android
        </item>
        <item>
            @string/title_java
        </item>
        <item>
            @string/title_seo
        </item>
        <item>
            @string/title_adv_php
        </item>
        <item>
            @string/title_iphone
        </item>
        <item>
            @string/title_html_css
        </item>
        <item>
            @string/title_wordpress
        </item>
        <item>
            @string/title_c
        </item>
        <item>
            @string/title_c_plus_plus
        </item>
        <item>
            @string/title_cake_php
        </item>
        <item>
            @string/title_magento
        </item>
    </string-array>

    <string-array
        name="services_titles">
        <item>
            Website
            Designing
        </item>
        <item>
            Website
            Development
        </item>
        <item>
            Android
            Application
            Development
        </item>
        <item>
            iPhone
            Application
            Development
        </item>
        <item>
            Search
            Engine
            Optimization
        </item>
        <item>
            E-commerce
            Solutions
        </item>
        <item>
            PSD
            To
            HTML
            Conversion
        </item>
        <item>
            SEO
            Packages
        </item>
        <item>
            Mobile
            Responsive
        </item>
        <item>
            Web
            Hosting
        </item>
        <item>
            Domain
            Registration
        </item>
    </string-array>


    <string
        name="service_desc_website_development">
        WsCube
        Tech
        was
        established
        in
        the
        year
        2010
        with
        an
        aim
        to
        become
        the
        fastest
        emerging
        Offshore
        Outsourcing
        Company
        which
        will
        aid
        its
        clientele
        to
        grow
        high
        with
        rapid
        pace.
        At
        WsCube
        Tech,
        we
        offer
        a
        business
        solution
        emphasizing
        on
        the
        client
        stipulation
        all
        on
        an
        affordable
        range.
        Our
        online
        trade
        solutions
        are
        offered
        to
        business
        enterprises
        all
        around
        the
        globe.\n\n
        We
        are
        a
        highly
        specialized
        Website
        Development
        Company
        offering
        cutting
        edge
        Web
        Development
        Services.
        We
        offer
        superior
        customer
        service
        to
        the
        wide
        base
        of
        our
        clients.
        Our
        business-driven
        approach
        separates
        us
        from
        typical
        Web
        Design
        Companies.
        For
        the
        past
        Five
        years,
        we
        have
        built
        a
        reputation
        for
        creating
        a
        positive
        return
        on
        investment
        for
        our
        clients.
    </string>


    <string
        name="service_desc_website_designing">
        Website
        Designing
        is
        the
        process
        which
        involves
        different
        task
        in
        creation
        of
        web
        pages.
        Web
        consists
        of
        vast
        amount
        of
        pages
        which
        presents
        information
        using
        hypertext
        or
        hypermedia
        and
        is
        delivered
        to
        users
        through
        internet
        using
        web
        browser.
        The
        primary
        purpose
        of
        website
        designing
        is
        to
        create
        websites
        which
        can
        have
        several
        web
        pages
        with
        requisite
        data
        to
        serve
        the
        defining
        need.\n\n
        Website
        design
        planning
        is
        a
        complex
        method
        and
        has
        several
        important
        aspects
        to
        it.
        These
        include
        content,
        usability,
        appearance
        and
        structure.\n\n
        At
        WsCube
        Tech,
        We
        understand
        our
        clients
        business
        and
        provide
        them
        with
        creative
        yet
        cost-efficient
        custom
        web
        design
        services.
        Whether
        it
        is
        a
        static
        website
        or
        a
        dynamic
        website
        with
        complex
        functionalities,
        we
        offer
        you
        a
        custom
        website
        design
        and
        development
        with
        graphic
        /
        flash
        website
        design
        with
        proper
        navigation
        and
        file
        structure
        to
        add
        potential
        for
        online
        marketing.
        We
        offer
        you
        professional
        website
        design
        with
        user-friendly
        functionalities
        that
        help
        you
        in
        customer
        acquisition
        and
        retention.
    </string>


    <string
        name="service_desc_e_commerce_solutions">
        A
        well
        performing
        E-commerce
        website
        development
        is
        professionally
        designed
        and
        it
        functions
        as
        an
        online
        representation
        of
        your
        company
        to
        communicate
        to
        the
        existing
        and
        potential
        customers.
        It
        is
        the
        best
        way
        of
        promoting
        your
        products
        or
        services
        across
        a
        wide
        geographical
        market.
        Now
        a
        day’s
        even
        traditional
        businesses
        are
        exploring
        E-Commerce
        route
        as
        an
        additional
        channel
        for
        increasing
        sales
        and
        revenue.\n\n
        WsCube
        Tech
        is
        a
        renowned
        Web
        Design
        Company
        in
        India,
        is
        counted
        for
        its
        competency
        to
        deliver
        E-commerce
        Solutions
        for
        all
        kinds
        of
        business
        needs.
        E-commerce
        solutions
        have
        become
        an
        indispensible
        tool
        for
        every
        enterprise
        in
        order
        to
        have
        completely
        controllable
        online
        presence
        and
        get
        tuned
        with
        changing
        scenario
        of
        global
        markets.\n\n
        We
        offer
        budget
        friendly
        E-commerce
        solutions
        that
        can
        be
        availed
        in
        a
        wide
        range
        of
        options.
        As
        a
        professional
        Web
        design
        Company,
        we
        render
        the
        best
        solutions
        for
        Website
        Designing
        in
        India.
        Primarily,
        WsCube
        Tech
        is
        an
        Ecommerce
        Web
        Designing
        and
        Website
        Development
        Company
        in
        India,
        offering
        complete
        range
        of
        E-commerce
        solutions.
        Our
        E-Commerce
        solutions
        assist
        your
        business
        to
        stay
        ahead
        in
        league
        with
        the
        fast
        growing
        world.
    </string>


    <string
        name="service_desc_psd_to_html_conversion">
        WsCube
        Tech
        does
        PSD
        to
        HTML
        conversion
        through
        dedicated
        services.
        We
        can
        convert
        your
        images
        easily
        into
        template
        designs
        through
        our
        PSD
        2
        HTML
        conversions.
        As
        a
        PSD
        to
        HTML
        Conversion
        Company,
        we
        are
        focused
        in
        the
        conversion
        of
        design
        files
        in
        to
        cross
        browser
        compatible
        XHTML/CSS
        files
        that
        can
        consume
        a
        lot
        of
        time.
        We
        strive
        to
        provide
        our
        customers
        with
        complete
        satisfaction
        in
        our
        services.\n\n
        There
        are
        many
        advantages
        of
        converting
        the
        PSD
        files
        to
        HTML
        files
        online.
        Some
        of
        them:
    </string>


    <string
        name="service_desc_mobile_responsive">
        Mobile
        application
        development
        is
        prevalent
        in
        the
        current
        smart
        phone
        era.
        We
        also
        have
        the
        competency
        to
        create
        mobile
        websites
        and
        applications
        for
        modern
        mobile
        devices
        across
        platform
        like
        Android
        and
        I
        Phone
        operating
        system.
        We
        are
        proficient
        at
        creating
        customized
        and
        feature
        rich
        applications
        as
        per
        the
        client
        requisites.\n\n
        WsCube
        Tech
        offers
        mobile
        application
        development
        globally
        by
        its
        expert
        team.
        Mobile
        application
        development
        is
        the
        process
        by
        which
        application
        software
        is
        developed
        for
        Tablets,
        Smart
        phones
        etc.\n\n
        The
        end
        user
        can
        easily
        download
        mobile
        Applications,
        by
        making
        use
        of
        the
        respective
        App
        stores
        like
        iTunes
        for
        iPhone
        and
        iPad
        Application,
        Android
        market
        for
        Android
        phones.
        WsCube
        Tech
        has
        got
        niche
        expertise
        in
        mobile
        Application
        Development
        for
        Android,
        iPhone
        and
        iPad.
        All
        applications
        we
        customize
        are
        carefully
        designed
        to
        offer
        high
        value
        to
        customers.
    </string>


    <string
        name="service_desc_iphone_app">
        WsCube
        Tech
        provides
        Iphone
        application
        development
        service.
        At
        WsCube
        Tech
        we
        have
        skilled
        iphone
        and
        ipad
        application
        developer
        who
        expertise
        in
        developing
        robust
        and
        comprehensive
        iphone
        and
        ipad
        application
        for
        business
        purposes.
        We
        have
        our
        proud
        clients
        all
        over
        the
        world
        and
        we
        delivered
        them
        high
        quality
        iphone
        application
        on
        their
        budget
        and
        on
        schedule.\n\n
        We
        understand
        what
        values
        Apple
        brings
        and
        how
        can
        we
        utilize
        that
        for
        Enterprise.
        Iphone
        and
        ipad
        powers
        a
        user
        to
        quickly
        access
        information
        and
        services.
        WsCube
        Tech
        already
        developed
        some
        great
        iphone
        application
        for
        their
        clients
        using
        advanced
        features
        like
        social
        site
        integration,
        GPS
        and
        Map
        Integration,
        live
        data
        streaming
        etc.
        In
        short
        period
        of
        time
        we
        have
        many
        satisfied
        clients.
    </string>

    <string
        name="service_desc_android_app">
        Android
        platform
        is
        one
        of
        the
        emerging
        mobile
        application
        development
        platforms
        for
        industry.
        WsCube
        Tech
        provides
        android
        mobile
        application
        development
        service.
        Our
        developers
        our
        experience
        enough
        to
        utilize
        Google’s
        complex
        Android
        SDK
        platform
        to
        develop
        comprehensive
        android
        application
        to
        full
        fill
        requirement
        of
        client.
        We
        have
        almost
        5+
        years
        of
        experience
        in
        android
        application
        development
        and
        in
        between
        we
        have
        already
        developed
        some
        great
        apps
        for
        our
        clients.\n\n
        We
        have
        developed
        android
        application
        using
        following
        Techniques:
    </string>


    <string
        name="service_desc_seo">
        SEO
        or
        Search
        engine
        optimization
        is
        the
        process
        of
        improving
        the
        visibility
        of
        a
        website
        or
        web
        page
        in
        the
        internet.
        Having
        a
        website
        for
        your
        business
        is
        just
        not
        sufficient
        to
        get
        the
        visibility
        in
        the
        market.
        It
        is
        also
        necessary
        to
        target
        the
        right
        people
        among
        your
        competitors.\n
        We
        at
        WsCube
        Tech
        have
        a
        strong
        and
        strategic
        methodology
        in
        place
        for
        improving
        the
        website
        ranking
        and
        visibility
        of
        your
        business
        to
        target
        the
        potential
        customers.
        SEO
        is
        not
        a
        onetime
        process;
        we
        do
        continuous
        research
        and
        analysis
        on
        competitors,
        targeted
        group
        of
        people,
        site
        ranking
        etc
        to
        reach
        certain
        saturation
        level.
        The
        idea
        is
        that
        with
        increased
        traffic,
        you
        will
        have
        increased
        sales.\n
        We
        follow
        certain
        methodologies
        to
        improve
        the
        search
        engine
        friendliness
        of
        your
        website.
        So,
        once
        you
        approach
        us,
        we
        do
        a
        pre-analysis
        report
        to
        let
        you
        be
        aware
        of
        the
        current
        state
        of
        your
        website.
    </string>


    <string
        name="service_desc_seo_packages">
        seo
        packages
        description
    </string>


    <string
        name="service_desc_web_hosting">
        WsCube
        Tech
        offers
        Web
        hosting
        service
        at
        special
        rates
        to
        our
        reputed
        clients.
        We
        provide
        web
        hosting
        to
        only
        those
        clients
        which
        developed
        their
        website
        with
        us.
        Through
        web
        hosting
        one
        can
        make
        his
        developed
        site
        accessible
        to
        World
        Wide
        Web.
        We
        provide
        several
        hosting
        plans
        for
        our
        clients
        which
        can
        be
        discussed
        with
        us.
        You
        can
        directly
        contact
        us
        through
        mail
        or
        through
        contact
        form
        available
        at
        our
        website
        for
        web
        hosting
        requirement.
    </string>


    <string
        name="service_desc_domain_registration">
        A
        Domain
        name
        is
        the
        online
        identification
        of
        your
        company
        or
        organization
        through
        which
        the
        consumers
        identify
        your
        company
        and
        the
        products.
        Domain
        name
        gives
        your
        company
        name
        an
        authority
        and
        control
        on
        the
        internet
        as
        these
        are
        formed
        under
        the
        rules
        of
        DNS.
        This
        domain
        name
        is
        used
        for
        the
        purpose
        of
        addressing
        and
        networking.
        WsCube
        Tech
        provides
        extensions
        like
        .com,
        .org,
        .co.
        In
        etc
        as
        per
        the
        requirements
        of
        clients.\n\n
        WsCube
        Tech
        offers
        a
        wide
        range
        of
        domain
        registration
        at
        special
        rates
        for
        our
        clients
        only.
        This
        service
        is
        provided
        to
        you
        only
        if
        you
        get
        your
        website
        developed
        through
        us.
        We
        provide
        Domain
        Name
        Registration
        services
        with
        its
        advanced
        control
        panels
        to
        completely
        manage
        the
        purchased
        domain.
    </string>

    <string-array
        name="service_desc_array">
        <item>
            @string/service_desc_website_designing
        </item>
        <item>
            @string/service_desc_website_development
        </item>
        <item>
            @string/service_desc_android_app
        </item>
        <item>
            @string/service_desc_iphone_app
        </item>
        <item>
            @string/service_desc_seo
        </item>
        <item>
            @string/service_desc_psd_to_html_conversion
        </item>
        <item>
            @string/service_desc_e_commerce_solutions
        </item>
        <item>
            @string/service_desc_seo_packages
        </item>
        <item>
            @string/service_desc_mobile_responsive
        </item>
        <item>
            @string/service_desc_web_hosting
        </item>
        <item>
            @string/service_desc_domain_registration
        </item>
    </string-array>

    <string
        name="title_quiz">
        Quiz
    </string>
    <string
        name="title_result">
        Result
    </string>
    <string
        name="title_review">
        Review
    </string>
    <string
        name="closeDrawer">
        Close
    </string>
    <string
        name="openDrawer">
        Open
    </string>

    <string
        name="contact_us_part_2_text">
        Please
        fill
        up
        the
        form
        given
        below
        to
        connect
        with
        us.
        It
        will
        be
        routed
        to
        person
        best
        able
        to
        provide
        you
        assistance.
        A
        WsCube
        Tech
        representative
        will
        contact
        you
        soon.
    </string>

    <string
        name="contact_us_address">
        First
        Floor,
        Laxmi
        Tower,
        Bhaskar
        Circle,
        Ratanada
        Jodhpur
        -
        Rajasthan
        -
        India
        (342001)
    </string>

    <!--About Us Page-->
    <string
        name="how_we_work">
        How
        We
        Work
    </string>
    <string
        name="we_listen_to_you">
        We
        Listen
        \n
        to
        you
    </string>
    <string
        name="we_plan_your_work">
        We
        Plan
        \n
        your
        work
    </string>
    <string
        name="we_design_creatively">
        We
        Design
        \n
        creatively
    </string>
    <string
        name="we_execute_publish_maintain">
        We
        Execute,\n
        Publish
        and
        Maintain
    </string>
    <string
        name="about_us_text_first">
        WsCube
        Tech
        was
        established
        in
        the
        year
        2010
        with
        an
        aim
        to
        become
        the
        fastest
        emerging
        Offshore
        Outsourcing
        Company
        which
        will
        aid
        its
        clientele
        to
        grow
        high
        with
        rapid
        pace.
        At
        WsCube
        Tech,
        we
        offer
        a
        business
        solution
        emphasizing
        on
        the
        client
        stipulation
        all
        on
        an
        affordable
        range.
        Our
        online
        trade
        solutions
        are
        offered
        to
        business
        enterprises
        all
        around
        the
        globe.
    </string>
    <string
        name="about_us_text_second"
        translatable="false">
        WsCube
        Tech
        Is
        A
        Place
        Where
        \n
        We
        Convert
        Your
        Dream
        Into
        Reality
    </string>
    <string
        name="about_us_text_third">
        We
        are
        a
        highly
        specialized
        Website
        Development
        Company
        offering
        cutting
        edge
        Web
        Development
        Services.
        We
        offer
        superior
        customer
        service
        to
        the
        wide
        base
        of
        our
        clients.
        Our
        business-driven
        approach
        separates
        us
        from
        typical
        Web
        Design
        Companies.
        For
        the
        past
        Five
        years,
        we
        have
        built
        a
        reputation
        for
        creating
        a
        positive
        return
        on
        investment
        for
        our
        clients.
    </string>

    <string
        name="connectionError">
        No
        internet
        connection\nPlease
        check
        your
        internet
        connection
    </string>
    <string
        name="networkError">
        Some
        network
        error
        occurred
    </string>


    <string
        name="api_key_youtube">
        AIzaSyCrH-mBwPvLMb-7z9d976K234fy4Gr5vsw
    </string>

    <string
        name="ad_unit_id">
        ca-app-pub-5729346527464267/1874744533
    </string>

</resources>
